in_out_state,Democrats,Republicans
IN,4423402.52,4364618.54
OUT,109563554.41000004,51224906.120000005
