received_by,AFTER,BEFORE
"DONALD J. TRUMP FOR PRESIDENT, INC. (C00580100)",41827434.769999996,101776470.99
REPUBLICAN NATIONAL COMMITTEE (C00003418),8964592.85,13885233.16
TRUMP MAKE AMERICA GREAT AGAIN COMMITTEE (C00618371),123885816.10000001,42639307.83999999
TRUMP VICTORY (C00618389),1876037.68,13182600.37
